{
  "commandline": "ffuf -u https://flashpaper-dev3.chime.com/FUZZ -w /home/tiago/HackingTools/SecLists-master/Discovery/Web-Content/common.txt -e .php,.html,.htm,.txt,.js -t 5 -mc 200,301,302,403 -fs 19 -o ffuf-quick.json -of json",
  "time": "2025-10-01T21:15:42+01:00",
  "results": [
    {
      "input": { "FFUFHASH": "b81ee1", "FUZZ": ".bash_history" },
      "position": 1,
      "status": 403,
      "length": 4511,
      "words": 620,
      "lines": 94,
      "content-type": "text/html; charset=UTF-8",
      "redirectlocation": "",
      "scraper": {},
      "duration": 44162857,
      "resultfile": "",
      "url": "https://flashpaper-dev3.chime.com/.bash_history",
      "host": "flashpaper-dev3.chime.com"
    },
    {
      "input": { "FFUFHASH": "b81ee7", "FUZZ": ".bashrc" },
      "position": 7,
      "status": 403,
      "length": 4511,
      "words": 620,
      "lines": 94,
      "content-type": "text/html; charset=UTF-8",
      "redirectlocation": "",
      "scraper": {},
      "duration": 47398005,
      "resultfile": "",
      "url": "https://flashpaper-dev3.chime.com/.bashrc",
      "host": "flashpaper-dev3.chime.com"
    },
    {
      "input": { "FFUFHASH": "b81ee19", "FUZZ": ".cvs" },
      "position": 25,
      "status": 403,
      "length": 4511,
      "words": 620,
      "lines": 94,
      "content-type": "text/html; charset=UTF-8",
      "redirectlocation": "",
      "scraper": {},
      "duration": 20955262,
      "resultfile": "",
      "url": "https://flashpaper-dev3.chime.com/.cvs",
      "host": "flashpaper-dev3.chime.com"
    },
    {
      "input": { "FFUFHASH": "b81ee25", "FUZZ": ".env" },
      "position": 37,
      "status": 403,
      "length": 4511,
      "words": 620,
      "lines": 94,
      "content-type": "text/html; charset=UTF-8",
      "redirectlocation": "",
      "scraper": {},
      "duration": 22886018,
      "resultfile": "",
      "url": "https://flashpaper-dev3.chime.com/.env",
      "host": "flashpaper-dev3.chime.com"
    },
    {
      "input": { "FFUFHASH": "b81ee31", "FUZZ": ".git" },
      "position": 49,
      "status": 403,
      "length": 4511,
      "words": 620,
      "lines": 94,
      "content-type": "text/html; charset=UTF-8",
      "redirectlocation": "",
      "scraper": {},
      "duration": 50740033,
      "resultfile": "",
      "url": "https://flashpaper-dev3.chime.com/.git",
      "host": "flashpaper-dev3.chime.com"
    },
    {
      "input": { "FFUFHASH": "b81ee3d", "FUZZ": ".git/HEAD" },
      "position": 61,
      "status": 403,
      "length": 4511,
      "words": 620,
      "lines": 94,
      "content-type": "text/html; charset=UTF-8",
      "redirectlocation": "",
      "scraper": {},
      "duration": 29046249,
      "resultfile": "",
      "url": "https://flashpaper-dev3.chime.com/.git/HEAD",
      "host": "flashpaper-dev3.chime.com"
    },
    {
      "input": { "FFUFHASH": "b81ee3e", "FUZZ": ".git/HEAD.php" },
      "position": 62,
      "status": 403,
      "length": 4511,
      "words": 620,
      "lines": 94,
      "content-type": "text/html; charset=UTF-8",
      "redirectlocation": "",
      "scraper": {},
      "duration": 32299602,
      "resultfile": "",
      "url": "https://flashpaper-dev3.chime.com/.git/HEAD.php",
      "host": "flashpaper-dev3.chime.com"
    },
    {
      "input": { "FFUFHASH": "b81ee3f", "FUZZ": ".git/HEAD.html" },
      "position": 63,
      "status": 403,
      "length": 4511,
      "words": 620,
      "lines": 94,
      "content-type": "text/html; charset=UTF-8",
      "redirectlocation": "",
      "scraper": {},
      "duration": 31353345,
      "resultfile": "",
      "url": "https://flashpaper-dev3.chime.com/.git/HEAD.html",
      "host": "flashpaper-dev3.chime.com"
    },
    {
      "input": { "FFUFHASH": "b81ee40", "FUZZ": ".git/HEAD.htm" },
      "position": 64,
      "status": 403,
      "length": 4511,
      "words": 620,
      "lines": 94,
      "content-type": "text/html; charset=UTF-8",
      "redirectlocation": "",
      "scraper": {},
      "duration": 55927798,
      "resultfile": "",
      "url": "https://flashpaper-dev3.chime.com/.git/HEAD.htm",
      "host": "flashpaper-dev3.chime.com"
    },
    {
      "input": { "FFUFHASH": "b81ee41", "FUZZ": ".git/HEAD.txt" },
      "position": 65,
      "status": 403,
      "length": 4511,
      "words": 620,
      "lines": 94,
      "content-type": "text/html; charset=UTF-8",
      "redirectlocation": "",
      "scraper": {},
      "duration": 33846916,
      "resultfile": "",
      "url": "https://flashpaper-dev3.chime.com/.git/HEAD.txt",
      "host": "flashpaper-dev3.chime.com"
    },
    {
      "input": { "FFUFHASH": "b81ee42", "FUZZ": ".git/HEAD.js" },
      "position": 66,
      "status": 403,
      "length": 4511,
      "words": 620,
      "lines": 94,
      "content-type": "text/html; charset=UTF-8",
      "redirectlocation": "",
      "scraper": {},
      "duration": 28107135,
      "resultfile": "",
      "url": "https://flashpaper-dev3.chime.com/.git/HEAD.js",
      "host": "flashpaper-dev3.chime.com"
    },
    {
      "input": { "FFUFHASH": "b81ee43", "FUZZ": ".git/config" },
      "position": 67,
      "status": 403,
      "length": 4511,
      "words": 620,
      "lines": 94,
      "content-type": "text/html; charset=UTF-8",
      "redirectlocation": "",
      "scraper": {},
      "duration": 31640608,
      "resultfile": "",
      "url": "https://flashpaper-dev3.chime.com/.git/config",
      "host": "flashpaper-dev3.chime.com"
    },
    {
      "input": { "FFUFHASH": "b81ee44", "FUZZ": ".git/config.php" },
      "position": 68,
      "status": 403,
      "length": 4511,
      "words": 620,
      "lines": 94,
      "content-type": "text/html; charset=UTF-8",
      "redirectlocation": "",
      "scraper": {},
      "duration": 26763750,
      "resultfile": "",
      "url": "https://flashpaper-dev3.chime.com/.git/config.php",
      "host": "flashpaper-dev3.chime.com"
    },
    {
      "input": { "FFUFHASH": "b81ee47", "FUZZ": ".git/config.txt" },
      "position": 71,
      "status": 403,
      "length": 4511,
      "words": 620,
      "lines": 94,
      "content-type": "text/html; charset=UTF-8",
      "redirectlocation": "",
      "scraper": {},
      "duration": 24661495,
      "resultfile": "",
      "url": "https://flashpaper-dev3.chime.com/.git/config.txt",
      "host": "flashpaper-dev3.chime.com"
    },
    {
      "input": { "FFUFHASH": "b81ee46", "FUZZ": ".git/config.htm" },
      "position": 70,
      "status": 403,
      "length": 4511,
      "words": 620,
      "lines": 94,
      "content-type": "text/html; charset=UTF-8",
      "redirectlocation": "",
      "scraper": {},
      "duration": 46690882,
      "resultfile": "",
      "url": "https://flashpaper-dev3.chime.com/.git/config.htm",
      "host": "flashpaper-dev3.chime.com"
    },
    {
      "input": { "FFUFHASH": "b81ee45", "FUZZ": ".git/config.html" },
      "position": 69,
      "status": 403,
      "length": 4511,
      "words": 620,
      "lines": 94,
      "content-type": "text/html; charset=UTF-8",
      "redirectlocation": "",
      "scraper": {},
      "duration": 48454597,
      "resultfile": "",
      "url": "https://flashpaper-dev3.chime.com/.git/config.html",
      "host": "flashpaper-dev3.chime.com"
    },
    {
      "input": { "FFUFHASH": "b81ee49", "FUZZ": ".git/index" },
      "position": 73,
      "status": 403,
      "length": 4511,
      "words": 620,
      "lines": 94,
      "content-type": "text/html; charset=UTF-8",
      "redirectlocation": "",
      "scraper": {},
      "duration": 26335565,
      "resultfile": "",
      "url": "https://flashpaper-dev3.chime.com/.git/index",
      "host": "flashpaper-dev3.chime.com"
    },
    {
      "input": { "FFUFHASH": "b81ee48", "FUZZ": ".git/config.js" },
      "position": 72,
      "status": 403,
      "length": 4511,
      "words": 620,
      "lines": 94,
      "content-type": "text/html; charset=UTF-8",
      "redirectlocation": "",
      "scraper": {},
      "duration": 38425981,
      "resultfile": "",
      "url": "https://flashpaper-dev3.chime.com/.git/config.js",
      "host": "flashpaper-dev3.chime.com"
    },
    {
      "input": { "FFUFHASH": "b81ee4a", "FUZZ": ".git/index.php" },
      "position": 74,
      "status": 403,
      "length": 4511,
      "words": 620,
      "lines": 94,
      "content-type": "text/html; charset=UTF-8",
      "redirectlocation": "",
      "scraper": {},
      "duration": 41106570,
      "resultfile": "",
      "url": "https://flashpaper-dev3.chime.com/.git/index.php",
      "host": "flashpaper-dev3.chime.com"
    },
    {
      "input": { "FFUFHASH": "b81ee4b", "FUZZ": ".git/index.html" },
      "position": 75,
      "status": 403,
      "length": 4511,
      "words": 620,
      "lines": 94,
      "content-type": "text/html; charset=UTF-8",
      "redirectlocation": "",
      "scraper": {},
      "duration": 36615899,
      "resultfile": "",
      "url": "https://flashpaper-dev3.chime.com/.git/index.html",
      "host": "flashpaper-dev3.chime.com"
    },
    {
      "input": { "FFUFHASH": "b81ee4c", "FUZZ": ".git/index.htm" },
      "position": 76,
      "status": 403,
      "length": 4511,
      "words": 620,
      "lines": 94,
      "content-type": "text/html; charset=UTF-8",
      "redirectlocation": "",
      "scraper": {},
      "duration": 29394707,
      "resultfile": "",
      "url": "https://flashpaper-dev3.chime.com/.git/index.htm",
      "host": "flashpaper-dev3.chime.com"
    },
    {
      "input": { "FFUFHASH": "b81ee4d", "FUZZ": ".git/index.txt" },
      "position": 77,
      "status": 403,
      "length": 4511,
      "words": 620,
      "lines": 94,
      "content-type": "text/html; charset=UTF-8",
      "redirectlocation": "",
      "scraper": {},
      "duration": 29970636,
      "resultfile": "",
      "url": "https://flashpaper-dev3.chime.com/.git/index.txt",
      "host": "flashpaper-dev3.chime.com"
    },
    {
      "input": { "FFUFHASH": "b81ee4f", "FUZZ": ".git/logs/" },
      "position": 79,
      "status": 403,
      "length": 4511,
      "words": 620,
      "lines": 94,
      "content-type": "text/html; charset=UTF-8",
      "redirectlocation": "",
      "scraper": {},
      "duration": 27633586,
      "resultfile": "",
      "url": "https://flashpaper-dev3.chime.com/.git/logs/",
      "host": "flashpaper-dev3.chime.com"
    },
    {
      "input": { "FFUFHASH": "b81ee50", "FUZZ": ".git/logs/.php" },
      "position": 80,
      "status": 403,
      "length": 4511,
      "words": 620,
      "lines": 94,
      "content-type": "text/html; charset=UTF-8",
      "redirectlocation": "",
      "scraper": {},
      "duration": 27397197,
      "resultfile": "",
      "url": "https://flashpaper-dev3.chime.com/.git/logs/.php",
      "host": "flashpaper-dev3.chime.com"
    },
    {
      "input": { "FFUFHASH": "b81ee4e", "FUZZ": ".git/index.js" },
      "position": 78,
      "status": 403,
      "length": 4511,
      "words": 620,
      "lines": 94,
      "content-type": "text/html; charset=UTF-8",
      "redirectlocation": "",
      "scraper": {},
      "duration": 28544447,
      "resultfile": "",
      "url": "https://flashpaper-dev3.chime.com/.git/index.js",
      "host": "flashpaper-dev3.chime.com"
    },
    {
      "input": { "FFUFHASH": "b81ee51", "FUZZ": ".git/logs/.html" },
      "position": 81,
      "status": 403,
      "length": 4511,
      "words": 620,
      "lines": 94,
      "content-type": "text/html; charset=UTF-8",
      "redirectlocation": "",
      "scraper": {},
      "duration": 26420742,
      "resultfile": "",
      "url": "https://flashpaper-dev3.chime.com/.git/logs/.html",
      "host": "flashpaper-dev3.chime.com"
    },
    {
      "input": { "FFUFHASH": "b81ee52", "FUZZ": ".git/logs/.htm" },
      "position": 82,
      "status": 403,
      "length": 4511,
      "words": 620,
      "lines": 94,
      "content-type": "text/html; charset=UTF-8",
      "redirectlocation": "",
      "scraper": {},
      "duration": 24214025,
      "resultfile": "",
      "url": "https://flashpaper-dev3.chime.com/.git/logs/.htm",
      "host": "flashpaper-dev3.chime.com"
    },
    {
      "input": { "FFUFHASH": "b81ee53", "FUZZ": ".git/logs/.txt" },
      "position": 83,
      "status": 403,
      "length": 4511,
      "words": 620,
      "lines": 94,
      "content-type": "text/html; charset=UTF-8",
      "redirectlocation": "",
      "scraper": {},
      "duration": 27446278,
      "resultfile": "",
      "url": "https://flashpaper-dev3.chime.com/.git/logs/.txt",
      "host": "flashpaper-dev3.chime.com"
    },
    {
      "input": { "FFUFHASH": "b81ee54", "FUZZ": ".git/logs/.js" },
      "position": 84,
      "status": 403,
      "length": 4511,
      "words": 620,
      "lines": 94,
      "content-type": "text/html; charset=UTF-8",
      "redirectlocation": "",
      "scraper": {},
      "duration": 24224203,
      "resultfile": "",
      "url": "https://flashpaper-dev3.chime.com/.git/logs/.js",
      "host": "flashpaper-dev3.chime.com"
    },
    {
      "input": { "FFUFHASH": "b81ee85", "FUZZ": ".history" },
      "position": 133,
      "status": 403,
      "length": 4511,
      "words": 620,
      "lines": 94,
      "content-type": "text/html; charset=UTF-8",
      "redirectlocation": "",
      "scraper": {},
      "duration": 25133672,
      "resultfile": "",
      "url": "https://flashpaper-dev3.chime.com/.history",
      "host": "flashpaper-dev3.chime.com"
    },
    {
      "input": { "FFUFHASH": "b81ee91", "FUZZ": ".htaccess" },
      "position": 145,
      "status": 403,
      "length": 4511,
      "words": 620,
      "lines": 94,
      "content-type": "text/html; charset=UTF-8",
      "redirectlocation": "",
      "scraper": {},
      "duration": 23246036,
      "resultfile": "",
      "url": "https://flashpaper-dev3.chime.com/.htaccess",
      "host": "flashpaper-dev3.chime.com"
    },
    {
      "input": { "FFUFHASH": "b81ee97", "FUZZ": ".htpasswd" },
      "position": 151,
      "status": 403,
      "length": 4511,
      "words": 620,
      "lines": 94,
      "content-type": "text/html; charset=UTF-8",
      "redirectlocation": "",
      "scraper": {},
      "duration": 29889515,
      "resultfile": "",
      "url": "https://flashpaper-dev3.chime.com/.htpasswd",
      "host": "flashpaper-dev3.chime.com"
    },
    {
      "input": { "FFUFHASH": "b81eea9", "FUZZ": ".mysql_history" },
      "position": 169,
      "status": 403,
      "length": 4511,
      "words": 620,
      "lines": 94,
      "content-type": "text/html; charset=UTF-8",
      "redirectlocation": "",
      "scraper": {},
      "duration": 23336975,
      "resultfile": "",
      "url": "https://flashpaper-dev3.chime.com/.mysql_history",
      "host": "flashpaper-dev3.chime.com"
    },
    {
      "input": { "FFUFHASH": "b81eeaf", "FUZZ": ".passwd" },
      "position": 175,
      "status": 403,
      "length": 4511,
      "words": 620,
      "lines": 94,
      "content-type": "text/html; charset=UTF-8",
      "redirectlocation": "",
      "scraper": {},
      "duration": 21667043,
      "resultfile": "",
      "url": "https://flashpaper-dev3.chime.com/.passwd",
      "host": "flashpaper-dev3.chime.com"
    },
    {
      "input": { "FFUFHASH": "b81eebb", "FUZZ": ".profile" },
      "position": 187,
      "status": 403,
      "length": 4511,
      "words": 620,
      "lines": 94,
      "content-type": "text/html; charset=UTF-8",
      "redirectlocation": "",
      "scraper": {},
      "duration": 28720313,
      "resultfile": "",
      "url": "https://flashpaper-dev3.chime.com/.profile",
      "host": "flashpaper-dev3.chime.com"
    },
    {
      "input": { "FFUFHASH": "b81eecd", "FUZZ": ".ssh" },
      "position": 205,
      "status": 403,
      "length": 4511,
      "words": 620,
      "lines": 94,
      "content-type": "text/html; charset=UTF-8",
      "redirectlocation": "",
      "scraper": {},
      "duration": 24114149,
      "resultfile": "",
      "url": "https://flashpaper-dev3.chime.com/.ssh",
      "host": "flashpaper-dev3.chime.com"
    },
    {
      "input": { "FFUFHASH": "b81eed9", "FUZZ": ".svn" },
      "position": 217,
      "status": 403,
      "length": 4511,
      "words": 620,
      "lines": 94,
      "content-type": "text/html; charset=UTF-8",
      "redirectlocation": "",
      "scraper": {},
      "duration": 28429754,
      "resultfile": "",
      "url": "https://flashpaper-dev3.chime.com/.svn",
      "host": "flashpaper-dev3.chime.com"
    },
    {
      "input": { "FFUFHASH": "b81eedf", "FUZZ": ".svn/entries" },
      "position": 223,
      "status": 403,
      "length": 4511,
      "words": 620,
      "lines": 94,
      "content-type": "text/html; charset=UTF-8",
      "redirectlocation": "",
      "scraper": {},
      "duration": 22543841,
      "resultfile": "",
      "url": "https://flashpaper-dev3.chime.com/.svn/entries",
      "host": "flashpaper-dev3.chime.com"
    },
    {
      "input": { "FFUFHASH": "b81eee0", "FUZZ": ".svn/entries.php" },
      "position": 224,
      "status": 403,
      "length": 4511,
      "words": 620,
      "lines": 94,
      "content-type": "text/html; charset=UTF-8",
      "redirectlocation": "",
      "scraper": {},
      "duration": 24571127,
      "resultfile": "",
      "url": "https://flashpaper-dev3.chime.com/.svn/entries.php",
      "host": "flashpaper-dev3.chime.com"
    },
    {
      "input": { "FFUFHASH": "b81eee1", "FUZZ": ".svn/entries.html" },
      "position": 225,
      "status": 403,
      "length": 4511,
      "words": 620,
      "lines": 94,
      "content-type": "text/html; charset=UTF-8",
      "redirectlocation": "",
      "scraper": {},
      "duration": 24623454,
      "resultfile": "",
      "url": "https://flashpaper-dev3.chime.com/.svn/entries.html",
      "host": "flashpaper-dev3.chime.com"
    },
    {
      "input": { "FFUFHASH": "b81eee2", "FUZZ": ".svn/entries.htm" },
      "position": 226,
      "status": 403,
      "length": 4511,
      "words": 620,
      "lines": 94,
      "content-type": "text/html; charset=UTF-8",
      "redirectlocation": "",
      "scraper": {},
      "duration": 27904388,
      "resultfile": "",
      "url": "https://flashpaper-dev3.chime.com/.svn/entries.htm",
      "host": "flashpaper-dev3.chime.com"
    },
    {
      "input": { "FFUFHASH": "b81eee4", "FUZZ": ".svn/entries.js" },
      "position": 228,
      "status": 403,
      "length": 4511,
      "words": 620,
      "lines": 94,
      "content-type": "text/html; charset=UTF-8",
      "redirectlocation": "",
      "scraper": {},
      "duration": 26152023,
      "resultfile": "",
      "url": "https://flashpaper-dev3.chime.com/.svn/entries.js",
      "host": "flashpaper-dev3.chime.com"
    },
    {
      "input": { "FFUFHASH": "b81eee3", "FUZZ": ".svn/entries.txt" },
      "position": 227,
      "status": 403,
      "length": 4511,
      "words": 620,
      "lines": 94,
      "content-type": "text/html; charset=UTF-8",
      "redirectlocation": "",
      "scraper": {},
      "duration": 53860507,
      "resultfile": "",
      "url": "https://flashpaper-dev3.chime.com/.svn/entries.txt",
      "host": "flashpaper-dev3.chime.com"
    },
    {
      "input": {
        "FFUFHASH": "b81ee181",
        "FUZZ": ".well-known/http-opportunistic"
      },
      "position": 385,
      "status": 200,
      "length": 36,
      "words": 1,
      "lines": 1,
      "content-type": "application/json",
      "redirectlocation": "",
      "scraper": {},
      "duration": 21924642,
      "resultfile": "",
      "url": "https://flashpaper-dev3.chime.com/.well-known/http-opportunistic",
      "host": "flashpaper-dev3.chime.com"
    },
    {
      "input": { "FFUFHASH": "b81eeb47", "FUZZ": "access_log" },
      "position": 2887,
      "status": 403,
      "length": 4511,
      "words": 620,
      "lines": 94,
      "content-type": "text/html; charset=UTF-8",
      "redirectlocation": "",
      "scraper": {},
      "duration": 22365748,
      "resultfile": "",
      "url": "https://flashpaper-dev3.chime.com/access_log",
      "host": "flashpaper-dev3.chime.com"
    },
    {
      "input": { "FFUFHASH": "b81eebfb", "FUZZ": "add" },
      "position": 3067,
      "status": 200,
      "length": 1558,
      "words": 87,
      "lines": 93,
      "content-type": "text/html",
      "redirectlocation": "",
      "scraper": {},
      "duration": 166024059,
      "resultfile": "",
      "url": "https://flashpaper-dev3.chime.com/add",
      "host": "flashpaper-dev3.chime.com"
    },
    {
      "input": { "FFUFHASH": "b81ee11b9", "FUZZ": "authorized_keys" },
      "position": 4537,
      "status": 403,
      "length": 4511,
      "words": 620,
      "lines": 94,
      "content-type": "text/html; charset=UTF-8",
      "redirectlocation": "",
      "scraper": {},
      "duration": 28904649,
      "resultfile": "",
      "url": "https://flashpaper-dev3.chime.com/authorized_keys",
      "host": "flashpaper-dev3.chime.com"
    },
    {
      "input": { "FFUFHASH": "b81ee2785", "FUZZ": "error_log" },
      "position": 10117,
      "status": 403,
      "length": 4511,
      "words": 620,
      "lines": 94,
      "content-type": "text/html; charset=UTF-8",
      "redirectlocation": "",
      "scraper": {},
      "duration": 26909168,
      "resultfile": "",
      "url": "https://flashpaper-dev3.chime.com/error_log",
      "host": "flashpaper-dev3.chime.com"
    },
    {
      "input": { "FFUFHASH": "b81ee2983", "FUZZ": "favicon.ico" },
      "position": 10627,
      "status": 200,
      "length": 0,
      "words": 1,
      "lines": 1,
      "content-type": "",
      "redirectlocation": "",
      "scraper": {},
      "duration": 174138797,
      "resultfile": "",
      "url": "https://flashpaper-dev3.chime.com/favicon.ico",
      "host": "flashpaper-dev3.chime.com"
    },
    {
      "input": { "FFUFHASH": "b81ee3289", "FUZZ": "id_rsa" },
      "position": 12937,
      "status": 403,
      "length": 4511,
      "words": 620,
      "lines": 94,
      "content-type": "text/html; charset=UTF-8",
      "redirectlocation": "",
      "scraper": {},
      "duration": 21772818,
      "resultfile": "",
      "url": "https://flashpaper-dev3.chime.com/id_rsa",
      "host": "flashpaper-dev3.chime.com"
    },
    {
      "input": { "FFUFHASH": "b81ee4916", "FUZZ": "phpinfo.php" },
      "position": 18710,
      "status": 403,
      "length": 4511,
      "words": 620,
      "lines": 94,
      "content-type": "text/html; charset=UTF-8",
      "redirectlocation": "",
      "scraper": {},
      "duration": 43088912,
      "resultfile": "",
      "url": "https://flashpaper-dev3.chime.com/phpinfo.php",
      "host": "flashpaper-dev3.chime.com"
    },
    {
      "input": { "FFUFHASH": "b81ee491b", "FUZZ": "phpinfo.php" },
      "position": 18715,
      "status": 403,
      "length": 4511,
      "words": 620,
      "lines": 94,
      "content-type": "text/html; charset=UTF-8",
      "redirectlocation": "",
      "scraper": {},
      "duration": 28454605,
      "resultfile": "",
      "url": "https://flashpaper-dev3.chime.com/phpinfo.php",
      "host": "flashpaper-dev3.chime.com"
    },
    {
      "input": { "FFUFHASH": "b81ee49ab", "FUZZ": "ping" },
      "position": 18859,
      "status": 200,
      "length": 114,
      "words": 1,
      "lines": 2,
      "content-type": "application/json",
      "redirectlocation": "",
      "scraper": {},
      "duration": 145623362,
      "resultfile": "",
      "url": "https://flashpaper-dev3.chime.com/ping",
      "host": "flashpaper-dev3.chime.com"
    },
    {
      "input": {
        "FFUFHASH": "b81ee5275",
        "FUZZ": "render/https://www.google.com"
      },
      "position": 21109,
      "status": 301,
      "length": 64,
      "words": 3,
      "lines": 3,
      "content-type": "text/html; charset=utf-8",
      "redirectlocation": "/render/https:/www.google.com",
      "scraper": {},
      "duration": 211466789,
      "resultfile": "",
      "url": "https://flashpaper-dev3.chime.com/render/https://www.google.com",
      "host": "flashpaper-dev3.chime.com"
    },
    {
      "input": {
        "FFUFHASH": "b81ee5277",
        "FUZZ": "render/https://www.google.com.html"
      },
      "position": 21111,
      "status": 301,
      "length": 69,
      "words": 3,
      "lines": 3,
      "content-type": "text/html; charset=utf-8",
      "redirectlocation": "/render/https:/www.google.com.html",
      "scraper": {},
      "duration": 137659282,
      "resultfile": "",
      "url": "https://flashpaper-dev3.chime.com/render/https://www.google.com.html",
      "host": "flashpaper-dev3.chime.com"
    },
    {
      "input": {
        "FFUFHASH": "b81ee5276",
        "FUZZ": "render/https://www.google.com.php"
      },
      "position": 21110,
      "status": 301,
      "length": 68,
      "words": 3,
      "lines": 3,
      "content-type": "text/html; charset=utf-8",
      "redirectlocation": "/render/https:/www.google.com.php",
      "scraper": {},
      "duration": 145420672,
      "resultfile": "",
      "url": "https://flashpaper-dev3.chime.com/render/https://www.google.com.php",
      "host": "flashpaper-dev3.chime.com"
    },
    {
      "input": {
        "FFUFHASH": "b81ee5278",
        "FUZZ": "render/https://www.google.com.htm"
      },
      "position": 21112,
      "status": 301,
      "length": 68,
      "words": 3,
      "lines": 3,
      "content-type": "text/html; charset=utf-8",
      "redirectlocation": "/render/https:/www.google.com.htm",
      "scraper": {},
      "duration": 153012156,
      "resultfile": "",
      "url": "https://flashpaper-dev3.chime.com/render/https://www.google.com.htm",
      "host": "flashpaper-dev3.chime.com"
    },
    {
      "input": {
        "FFUFHASH": "b81ee5279",
        "FUZZ": "render/https://www.google.com.txt"
      },
      "position": 21113,
      "status": 301,
      "length": 68,
      "words": 3,
      "lines": 3,
      "content-type": "text/html; charset=utf-8",
      "redirectlocation": "/render/https:/www.google.com.txt",
      "scraper": {},
      "duration": 174788333,
      "resultfile": "",
      "url": "https://flashpaper-dev3.chime.com/render/https://www.google.com.txt",
      "host": "flashpaper-dev3.chime.com"
    },
    {
      "input": {
        "FFUFHASH": "b81ee527a",
        "FUZZ": "render/https://www.google.com.js"
      },
      "position": 21114,
      "status": 301,
      "length": 67,
      "words": 3,
      "lines": 3,
      "content-type": "text/html; charset=utf-8",
      "redirectlocation": "/render/https:/www.google.com.js",
      "scraper": {},
      "duration": 165661955,
      "resultfile": "",
      "url": "https://flashpaper-dev3.chime.com/render/https://www.google.com.js",
      "host": "flashpaper-dev3.chime.com"
    },
    {
      "input": { "FFUFHASH": "b81ee6925", "FUZZ": "web.config" },
      "position": 26917,
      "status": 403,
      "length": 4511,
      "words": 620,
      "lines": 94,
      "content-type": "text/html; charset=UTF-8",
      "redirectlocation": "",
      "scraper": {},
      "duration": 59100886,
      "resultfile": "",
      "url": "https://flashpaper-dev3.chime.com/web.config",
      "host": "flashpaper-dev3.chime.com"
    },
    {
      "input": { "FFUFHASH": "b81ee6bea", "FUZZ": "wp-config.php" },
      "position": 27626,
      "status": 403,
      "length": 4511,
      "words": 620,
      "lines": 94,
      "content-type": "text/html; charset=UTF-8",
      "redirectlocation": "",
      "scraper": {},
      "duration": 78852850,
      "resultfile": "",
      "url": "https://flashpaper-dev3.chime.com/wp-config.php",
      "host": "flashpaper-dev3.chime.com"
    }
  ],
  "config": {
    "autocalibration": false,
    "autocalibration_keyword": "FUZZ",
    "autocalibration_perhost": false,
    "autocalibration_strategies": ["basic"],
    "autocalibration_strings": [],
    "colors": false,
    "cmdline": "ffuf -u https://flashpaper-dev3.chime.com/FUZZ -w /home/tiago/HackingTools/SecLists-master/Discovery/Web-Content/common.txt -e .php,.html,.htm,.txt,.js -t 5 -mc 200,301,302,403 -fs 19 -o ffuf-quick.json -of json",
    "configfile": "",
    "postdata": "",
    "debuglog": "",
    "delay": { "value": "0.00" },
    "dirsearch_compatibility": false,
    "encoders": [],
    "extensions": [".php", ".html", ".htm", ".txt", ".js"],
    "fmode": "or",
    "follow_redirects": false,
    "headers": {},
    "ignorebody": false,
    "ignore_wordlist_comments": false,
    "inputmode": "clusterbomb",
    "cmd_inputnum": 100,
    "inputproviders": [
      {
        "name": "wordlist",
        "keyword": "FUZZ",
        "value": "/home/tiago/HackingTools/SecLists-master/Discovery/Web-Content/common.txt",
        "encoders": "",
        "template": ""
      }
    ],
    "inputshell": "",
    "json": false,
    "matchers": {
      "IsCalibrated": false,
      "Mutex": {},
      "Matchers": { "status": { "value": "200,301,302,403" } },
      "Filters": { "size": { "value": "19" } },
      "PerDomainFilters": {}
    },
    "mmode": "or",
    "maxtime": 0,
    "maxtime_job": 0,
    "method": "GET",
    "noninteractive": false,
    "outputdirectory": "",
    "outputfile": "ffuf-quick.json",
    "outputformat": "json",
    "OutputSkipEmptyFile": false,
    "proxyurl": "",
    "quiet": false,
    "rate": 0,
    "raw": false,
    "recursion": false,
    "recursion_depth": 0,
    "recursion_strategy": "default",
    "replayproxyurl": "",
    "requestfile": "",
    "requestproto": "https",
    "scraperfile": "",
    "scrapers": "all",
    "sni": "",
    "stop_403": false,
    "stop_all": false,
    "stop_errors": false,
    "threads": 5,
    "timeout": 10,
    "url": "https://flashpaper-dev3.chime.com/FUZZ",
    "verbose": false,
    "wordlists": [
      "/home/tiago/HackingTools/SecLists-master/Discovery/Web-Content/common.txt"
    ],
    "http2": false,
    "client-cert": "",
    "client-key": ""
  }
}
